,Roles,Win Rate
0, Carry,46.19
1, Disabler,49.56348314606741
2, Durable,48.57583333333333
3, Escape,49.0036
4, Initiator,49.37511627906977
5, Nuker,50.09987951807229
6, Pusher,50.37413793103448
7, Support,50.24777777777778
8,Carry,48.792
9,Disabler,47.833333333333336
10,Durable,55.81
11,Escape,61.97
12,Initiator,49.7525
13,Nuker,48.05
14,Support,50.384594594594596
